score,mainDress,orb,subDress1,orb,subDress2,orb,subDress3,orb,subDress4,orb
6497.46,Magica1984 マリアンヌ,atk,クッキングエプロン マリアンヌ,atk%,フラッフィーラビット 花織,atk%,モテカワ美少女戦士 エリザ,atk%,Magica1984 ここあ,atk%
7964.2128686448,熱血応援☆チアガール はなび,atk%,Magica1984 はなび,atk%,ラウンジウェア はなび,atk%,Magica2061 はなび,atk%,Magica2019 Evo はなび,atk%
14781.26617868925,Magica2019 Evo 丹,atk,デモンズスタイルアラクネ セイラ,atk%,艶女医白衣 丹,atk%,Magica2019 丹,atk%,バカンスビキニ2019 蒼,atk%
15657,エモい出ビキニ いろは,atk%,ラウンジウェア エリザ,atk%,聖チャールズスポーツユニ 依子,atk%,ホリデーカジュアル エリザ,atk%,Magica2019 エリザ,atk%
15915.900000000001,クッキングエプロン ここあ,atk,モテカワ美少女戦士 エリザ,atk%,Magica2019 ここあ,atk%,有羽スポーツユニ ここあ,atk%,Magica1984 ここあ,atk%
17699.600161977476,Magica1984 花織,atk,バカンスビキニ2019 セイラ,atk%,Magica2019 花織,atk%,モテカワ美少女戦士 花織,atk%,Magica2019 蒼,atk%
18739.970625,フラッフィーラビット いろは,atk%,Magica2019 Evo 蒼,atk%,武良穂スポーツユニ 蒼,atk%,バカンスビキニ2019 セイラ,atk%,Magica2019 蒼,atk%
18868.32,Magica2019 丹,atk%,クッキングエプロン りり,atk%,デモンズスタイルアラクネ セイラ,atk%,艶女医白衣 丹,atk%,バカンスビキニ2019 蒼,atk%
19157.774327007603,Magica2019 陽彩,atk%,Magica2061 はなび,atk%,Magica2019 Evo はなび,atk%,Magica1984 陽彩,atk%,クッキングエプロン 陽彩,atk%
19161.675938847104,Magica2061 りり,hp%,Magica1984 りり,atk%,Magica2019 りり,atk%,バカンスビキニ2019 蒼,atk%,クッキングエプロン りり,atk%
19853.2347241335,Magica2061 花織,atk,バカンスビキニ2019 セイラ,atk%,Magica2019 花織,atk%,モテカワ美少女戦士 花織,atk%,Magica2019 蒼,atk%
20468.0539190313,デモンズスタイルアラクネ マリアンヌ,atk%,クッキングエプロン 陽彩,atk%,エモい出ビキニ マリアンヌ,atk%,Magica2061 はなび,atk%,Magica2019 Evo はなび,atk%
20723.489999999998,聖チャールズスポーツユニ マリアンヌ,atk,クッキングエプロン マリアンヌ,atk%,フラッフィーラビット 花織,atk%,モテカワ美少女戦士 エリザ,atk%,Magica1984 ここあ,atk%
21031.29,ホリデーカジュアル マリアンヌ,atk%,クッキングエプロン マリアンヌ,atk%,フラッフィーラビット 花織,atk%,モテカワ美少女戦士 エリザ,atk%,Magica1984 ここあ,atk%
22170.2825027183,デモンズスタイルアラクネ りり,atk,聖チャールズスポーツユニ 依子,atk%,Magica2019 エリザ,atk%,ホリデーカジュアル エリザ,atk%,バカンスビキニ2019 りり,atk%
22184.606162636148,炎節わっしょい神輿 陽彩,atk,Magica1984 陽彩,atk%,Magica2019 エリザ,atk%,フラッフィーラビット 陽彩,def%,艶女医白衣 エリザ,atk%
22750.695,有羽スポーツユニ 花織,atk%,バカンスビキニ2019 セイラ,atk%,Magica2019 花織,atk%,モテカワ美少女戦士 花織,atk%,Magica2019 蒼,atk%
22839.254999999997,Magica2061 マリアンヌ,atk%,クッキングエプロン マリアンヌ,atk%,フラッフィーラビット 花織,atk%,モテカワ美少女戦士 エリザ,atk%,Magica1984 ここあ,atk%
23443.946204240252,クッキングエプロン マリアンヌ,atk%,モテカワ美少女戦士 マリアンヌ,atk%,フラッフィーラビット 花織,atk%,モテカワ美少女戦士 エリザ,atk%,Magica1984 ここあ,atk%
23896.002601624947,クッキングエプロン 丹,atk%,デモンズスタイルアラクネ セイラ,atk%,艶女医白衣 丹,atk%,Magica2019 丹,atk%,バカンスビキニ2019 蒼,atk%
24276.883493600097,ホリデーカジュアル いろは,atk%,Magica1984 いろは,atk%,ラウンジウェア いろは,atk%,Magica2019 いろは,atk%,クッキングエプロン いろは,atk%
24537.1714018485,熱血応援☆チアガール 花織,atk%,ラウンジウェア エリザ,atk%,聖チャールズスポーツユニ 依子,atk%,ホリデーカジュアル エリザ,atk%,Magica2019 エリザ,atk%
24691.905,セーラースクール水着 花織,atk%,バカンスビキニ2019 セイラ,atk%,Magica2019 花織,atk%,モテカワ美少女戦士 花織,atk%,Magica2019 蒼,atk%
24718.5158759115,Magica2019 マリアンヌ,atk,クッキングエプロン マリアンヌ,atk%,フラッフィーラビット 花織,atk%,モテカワ美少女戦士 エリザ,atk%,Magica1984 ここあ,atk%
25700.4,デモンズスタイルアラクネ 依子,atk%,聖チャールズスポーツユニ 依子,atk%,武良穂スポーツユニ 蒼,atk%,バカンスビキニ2019 セイラ,atk%,Magica2019 蒼,atk%
25728.94413618165,クッキングエプロン 花織,atk%,バカンスビキニ2019 セイラ,atk%,Magica2019 花織,atk%,モテカワ美少女戦士 花織,atk%,Magica2019 蒼,atk%
25772.9767960155,デモンズスタイルアラクネ 花織,atk%,クッキングエプロン りり,atk%,フラッフィーラビット 花織,atk%,デモンズスタイルアラクネ セイラ,atk%,バカンスビキニ2019 蒼,atk%
26445.830488630498,Magica2019 ここあ,atk%,フラッフィーラビット 花織,atk%,モテカワ美少女戦士 エリザ,atk%,有羽スポーツユニ ここあ,atk%,Magica1984 ここあ,atk%
27178.8,ギャルアーミー 依子,atk,聖チャールズスポーツユニ 依子,atk%,武良穂スポーツユニ 蒼,atk%,バカンスビキニ2019 セイラ,atk%,Magica2019 蒼,atk%
28093.638375,Magica2019 Evo セイラ,atk%,Magica2061 はなび,atk%,ホリデーカジュアル セイラ,atk%,Magica2061 セイラ,atk%,Magica2019 Evo はなび,atk%
28173.089504263226,艶女医白衣 蒼,hp%,Magica2061 はなび,atk%,Magica2019 蒼,atk%,バカンスビキニ2019 蒼,atk%,デモンズスタイルアラクネ 蒼,atk%
28732.8036084145,Magica2061 丹,atk,デモンズスタイルアラクネ セイラ,atk%,艶女医白衣 丹,atk%,Magica2019 丹,atk%,バカンスビキニ2019 蒼,atk%
29253.069999999996,デモンズスタイルアラクネ エリザ,atk,ラウンジウェア エリザ,atk%,ホリデーカジュアル エリザ,atk%,Magica2019 エリザ,atk%,モテカワ美少女戦士 エリザ,atk%
29260.439999999995,Magica2019 Evo 陽彩,atk%,Magica2019 Evo はなび,atk%,Magica1984 陽彩,atk%,Magica2019 陽彩,atk%,クッキングエプロン 陽彩,atk%
30375.446741330146,Magica2019 Evo マリアンヌ,atk,ホリデーカジュアル マリアンヌ,atk%,Magica2019 マリアンヌ,atk,Magica2061 マリアンヌ,atk%,クッキングエプロン マリアンヌ,atk%
30529.224999692546,艶女医白衣 丹,atk%,クッキングエプロン りり,atk%,デモンズスタイルアラクネ セイラ,atk%,Magica2019 丹,atk%,バカンスビキニ2019 蒼,atk%
30805.211286524995,オーセンティックメイド 蒼,atk,Magica2019 Evo 蒼,atk%,武良穂スポーツユニ 蒼,atk%,Magica2019 蒼,atk%,バカンスビキニ2019 蒼,atk%
31894.841937834746,熱血応援☆チアガール セイラ,atk%,モテカワ美少女戦士 エリザ,atk%,Magica1984 ここあ,atk%,デモンズスタイルアラクネ セイラ,atk%,バカンスビキニ2019 セイラ,atk%
31915.125,ラウンジウェア ここあ,atk%,モテカワ美少女戦士 エリザ,atk%,Magica2019 ここあ,atk%,有羽スポーツユニ ここあ,atk%,Magica1984 ここあ,atk%
32098.9919284503,Magica2019 花織,atk%,クッキングエプロン 花織,atk%,バカンスビキニ2019 セイラ,atk%,モテカワ美少女戦士 花織,atk%,Magica2019 蒼,atk%
32192.077810769642,Magica2061 陽彩,atk%,Magica2061 はなび,atk%,Magica1984 陽彩,atk%,クッキングエプロン 陽彩,atk%,Magica2019 陽彩,atk%
33754.799999999996,デモンズスタイルアラクネ 陽彩,atk,Magica1984 ここあ,atk%,Magica2019 陽彩,atk%,クッキングエプロン 陽彩,atk%,とらのあな虎々ちゃん 陽彩,atk%
34174.493562481446,ホリデーカジュアル 花織,atk,クッキングエプロン 花織,atk%,モテカワ美少女戦士 花織,atk%,Magica2019 花織,atk%,Magica2019 蒼,atk%
34914.857282424004,ホリデーカジュアル 蒼,atk%,Magica1984 蒼,atk%,Magica2019 Evo 蒼,atk%,武良穂スポーツユニ 蒼,atk%,Magica2019 蒼,atk%
35003.48896119075,有羽スポーツユニ セイラ,atk%,ホリデーカジュアル セイラ,atk%,Magica2061 セイラ,atk%,Magica2019 Evo はなび,atk%,Magica2019 Evo セイラ,atk%
35274.15,デモンズスタイルアラクネ はなび,atk%,ホリデーカジュアル エリザ,atk%,Magica2019 エリザ,atk%,Magica2061 はなび,atk%,Magica2019 Evo はなび,atk%
35511.461129412746,Magica1984 丹,atk,クッキングエプロン 丹,atk%,艶女医白衣 丹,atk%,Magica2019 丹,atk%,バカンスビキニ2019 蒼,atk%
36561.83152576719,Magica2061 蒼,atk,クッキングエプロン 蒼,atk%,Magica2019 Evo 蒼,atk%,武良穂スポーツユニ 蒼,atk%,Magica2019 蒼,atk%
36852.714625,デモンズスタイルアラクネ いろは,atk,武良穂スポーツユニ 蒼,atk%,バカンスビキニ2019 セイラ,atk%,フラッフィーラビット いろは,atk%,Magica2019 蒼,atk%
37083.502499999995,武良穂スポーツユニ 丹,atk%,デモンズスタイルアラクネ セイラ,atk%,艶女医白衣 丹,atk%,Magica2019 丹,atk%,バカンスビキニ2019 蒼,atk%
37393.2,ラウンジウェア 蒼,atk%,Magica1984 蒼,atk%,Magica2019 Evo 蒼,atk%,武良穂スポーツユニ 蒼,atk%,Magica2019 蒼,atk%
39803.12191506599,Magica1984 りり,atk%,Magica2019 りり,atk%,Magica2019 Evo りり,atk%,バカンスビキニ2019 蒼,atk%,クッキングエプロン りり,atk%
41021.745887529,艶女医白衣 エリザ,atk%,クッキングエプロン エリザ,atk%,ラウンジウェア エリザ,atk%,ホリデーカジュアル エリザ,atk%,Magica2019 エリザ,atk%
41194.235658601494,Magica2019 エリザ,atk%,クッキングエプロン エリザ,atk%,艶女医白衣 エリザ,atk%,ラウンジウェア エリザ,atk%,ホリデーカジュアル エリザ,atk%
41248.2860729088,Magica1984 いろは,atk%,Magica2061 いろは,atk%,ラウンジウェア いろは,atk%,Magica2019 いろは,atk%,クッキングエプロン いろは,atk%
41287.16798184464,ホリデーカジュアル はなび,atk%,熱血応援☆チアガール はなび,atk%,ラウンジウェア はなび,atk%,Magica2061 はなび,atk%,Magica2019 Evo はなび,atk%
42046.67999999999,武良穂スポーツユニ 陽彩,atk%,Magica2019 Evo はなび,atk%,Magica1984 陽彩,atk%,Magica2019 陽彩,atk%,クッキングエプロン 陽彩,atk%
42583.274999999994,ホリデーカジュアル 依子,atk%,ホリデーカジュアル エリザ,atk%,Magica2019 エリザ,atk%,ラウンジウェア 依子,atk%,聖チャールズスポーツユニ 依子,atk%
42912.18,Magica2019 Evo 花織,atk%,バカンスビキニ2019 セイラ,atk%,Magica2019 花織,atk%,モテカワ美少女戦士 花織,atk%,Magica2019 蒼,atk%
43206.997500000005,有羽スポーツユニ ここあ,atk%,フラッフィーラビット 花織,atk%,モテカワ美少女戦士 エリザ,atk%,Magica2019 ここあ,atk%,Magica1984 ここあ,atk%
43373.16628902,デモンズスタイルアラクネ セイラ,atk%,クッキングエプロン いろは,atk%,クッキングエプロン りり,atk%,バカンスビキニ2019 蒼,atk%,バカンスビキニ2019 セイラ,atk%
43552.8453853095,クッキングエプロン はなび,atk,熱血応援☆チアガール はなび,atk%,ラウンジウェア はなび,atk%,Magica2061 はなび,atk%,Magica2019 Evo はなび,atk%
43871.844532382995,バカンスビキニ2019 りり,atk%,ラウンジウェア エリザ,atk%,聖チャールズスポーツユニ 依子,atk%,ホリデーカジュアル エリザ,atk%,Magica2019 エリザ,atk%
44163,武良穂スポーツユニ エリザ,atk%,艶女医白衣 エリザ,atk%,ラウンジウェア エリザ,atk%,ホリデーカジュアル エリザ,atk%,Magica2019 エリザ,atk%
44306.94,Magica2019 Evo いろは,atk%,Magica1984 いろは,atk%,ラウンジウェア いろは,atk%,Magica2019 いろは,atk%,クッキングエプロン いろは,atk%
44518.1725,Magica1984 セイラ,atk,ホリデーカジュアル セイラ,atk%,Magica2061 セイラ,atk%,Magica2019 Evo はなび,atk%,Magica2019 Evo セイラ,atk%
44854.800060213005,Magica2019 Evo はなび,atk%,Magica1984 はなび,atk%,熱血応援☆チアガール はなび,atk%,ラウンジウェア はなび,atk%,Magica2061 はなび,atk%
44950.50964789267,クッキングエプロン セイラ,atk%,ホリデーカジュアル セイラ,atk%,Magica2061 セイラ,atk%,Magica2019 Evo はなび,atk%,Magica2019 Evo セイラ,atk%
45288.5693446215,Magica2061 ここあ,atk%,モテカワ美少女戦士 エリザ,atk%,Magica2019 ここあ,atk%,有羽スポーツユニ ここあ,atk%,Magica1984 ここあ,atk%
45913.964100000005,クッキングエプロン いろは,atk%,Magica2061 いろは,atk%,Magica1984 いろは,atk%,ラウンジウェア いろは,atk%,Magica2019 いろは,atk%
46686.9375,デモンズスタイルアラクネ 蒼,atk%,バカンスビキニ2019 蒼,atk%,Magica2061 はなび,atk%,Magica2019 Evo はなび,atk%,Magica2019 蒼,atk%
46825.5577144716,クッキングエプロン エリザ,atk%,艶女医白衣 エリザ,atk%,ラウンジウェア エリザ,atk%,ホリデーカジュアル エリザ,atk%,Magica2019 エリザ,atk%
47019.15329885475,バカンスビキニ2019 蒼,atk%,デモンズスタイルアラクネ 蒼,atk%,Magica2019 Evo 蒼,atk%,武良穂スポーツユニ 蒼,atk%,Magica2019 蒼,atk%
47215.7768413021,Magica2019 Evo 依子,def%,艶女医白衣 エリザ,def%,クッキングエプロン 依子,def%,Magica2019 依子,def%,Magica2061 依子,def%
47324.530715196895,有羽スポーツユニ いろは,atk%,Magica1984 いろは,atk%,ラウンジウェア いろは,atk%,Magica2019 いろは,atk%,クッキングエプロン いろは,atk%
47373.80257833449,Magica2019 Evo ここあ,atk,モテカワ美少女戦士 エリザ,atk%,Magica2019 ここあ,atk%,有羽スポーツユニ ここあ,atk%,Magica1984 ここあ,atk%
47628.125,エモい出ビキニ 丹,atk,Magica2019 Evo 蒼,atk%,武良穂スポーツユニ 蒼,atk%,バカンスビキニ2019 セイラ,atk%,Magica2019 蒼,atk%
47736.899999999994,セーラースクール水着 ここあ,atk%,ラウンジウェア エリザ,atk%,聖チャールズスポーツユニ 依子,atk%,ホリデーカジュアル エリザ,atk%,Magica2019 エリザ,atk%
48112.730625,聖チャールズスポーツユニ 依子,atk%,とらのあなエプロン 依子,atk%,ホリデーカジュアル エリザ,atk%,Magica2019 エリザ,atk%,ラウンジウェア 依子,atk%
48178.5828,Magica2019 Evo りり,atk%,Magica1984 りり,atk%,Magica2019 りり,atk%,バカンスビキニ2019 蒼,atk%,クッキングエプロン りり,atk%
48312.225,ホリデーカジュアル ここあ,atk%,モテカワ美少女戦士 エリザ,atk%,Magica2019 ここあ,atk%,有羽スポーツユニ ここあ,atk%,Magica1984 ここあ,atk%
48577.65000000001,灼熱野球ユニ 依子,atk%,クッキングエプロン りり,atk%,デモンズスタイルアラクネ セイラ,atk%,聖チャールズスポーツユニ 依子,atk%,バカンスビキニ2019 蒼,atk%
48584.497500000005,ホリデーカジュアル セイラ,atk%,Magica2061 はなび,atk%,Magica2061 セイラ,atk%,Magica2019 Evo はなび,atk%,Magica2019 Evo セイラ,atk%
48635.8655280705,Magica2019 はなび,atk%,熱血応援☆チアガール はなび,atk%,ラウンジウェア はなび,atk%,Magica2061 はなび,atk%,Magica2019 Evo はなび,atk%
49404.39749999999,ホリデーカジュアル 陽彩,atk%,Magica2019 Evo はなび,atk%,Magica1984 陽彩,atk%,Magica2019 陽彩,atk%,クッキングエプロン 陽彩,atk%
49546.244999999995,Magica1984 依子,atk%,ホリデーカジュアル エリザ,atk%,Magica2019 エリザ,atk%,ラウンジウェア 依子,atk%,聖チャールズスポーツユニ 依子,atk%
49746.6,モテカワ美少女戦士 花織,atk%,クッキングエプロン 花織,atk%,バカンスビキニ2019 セイラ,atk%,Magica2019 花織,atk%,Magica2019 蒼,atk%
49936.45885093935,Magica2019 セイラ,atk,ホリデーカジュアル セイラ,atk%,Magica2061 セイラ,atk%,Magica2019 Evo はなび,atk%,Magica2019 Evo セイラ,atk%
50101.274999999994,モテカワ美少女戦士 いろは,atk%,Magica1984 いろは,atk%,ラウンジウェア いろは,atk%,Magica2019 いろは,atk%,クッキングエプロン いろは,atk%
50146.23582876517,Magica1984 陽彩,atk%,Magica2061 はなび,atk%,Magica2019 Evo はなび,atk%,Magica2019 陽彩,atk%,クッキングエプロン 陽彩,atk%
50251.8,ギャルアーミー りり,atk%,デモンズスタイルアラクネ 蒼,atk%,クッキングエプロン 陽彩,atk%,Magica2061 はなび,atk%,Magica2019 Evo はなび,atk%
50281.4781,ホリデーカジュアル 丹,atk%,デモンズスタイルアラクネ セイラ,atk%,艶女医白衣 丹,atk%,Magica2019 丹,atk%,バカンスビキニ2019 蒼,atk%
50810.924999999996,モテカワ美少女戦士 エリザ,atk%,Magica1984 ここあ,atk%,ラウンジウェア エリザ,atk%,ホリデーカジュアル エリザ,atk%,Magica2019 エリザ,atk%
50984.01000000001,クッキングエプロン 蒼,atk%,Magica1984 蒼,atk%,Magica2019 Evo 蒼,atk%,武良穂スポーツユニ 蒼,atk%,Magica2019 蒼,atk%
51356.398825368,ホリデーカジュアル りり,atk%,Magica2019 りり,atk%,Magica2019 Evo りり,atk%,バカンスビキニ2019 蒼,atk%,クッキングエプロン りり,atk%
51379.313752791306,Magica2019 りり,atk%,Magica1984 りり,atk%,Magica2019 Evo りり,atk%,バカンスビキニ2019 蒼,atk%,クッキングエプロン りり,atk%
51409.7677857504,Magica2061 はなび,atk%,Magica1984 はなび,atk%,熱血応援☆チアガール はなび,atk%,ラウンジウェア はなび,atk%,Magica2019 Evo はなび,atk%
51696.95736290774,Magica2061 いろは,atk%,Magica1984 いろは,atk%,ラウンジウェア いろは,atk%,Magica2019 いろは,atk%,クッキングエプロン いろは,atk%
51796.350000000006,セーラースクール水着 いろは,atk%,クッキングエプロン いろは,atk%,フラッフィーラビット 花織,atk%,モテカワ美少女戦士 エリザ,atk%,Magica1984 ここあ,atk%
51958.8108,Magica2019 いろは,atk%,Magica2061 いろは,atk%,Magica1984 いろは,atk%,ラウンジウェア いろは,atk%,クッキングエプロン いろは,atk%
51983.77500000001,フラッフィーラビット 花織,atk%,とらのあな虎々ちゃん 陽彩,atk%,有羽スポーツユニ ここあ,atk%,モテカワ美少女戦士 エリザ,atk%,Magica1984 ここあ,atk%
52028.75,Magica1984 エリザ,atk,艶女医白衣 エリザ,atk%,ラウンジウェア エリザ,atk%,ホリデーカジュアル エリザ,atk%,Magica2019 エリザ,atk%
52373.07873618412,Magica2061 セイラ,atk%,Magica2061 はなび,atk%,ホリデーカジュアル セイラ,atk%,Magica2019 Evo はなび,atk%,Magica2019 Evo セイラ,atk%
52489.380750000004,武良穂スポーツユニ 蒼,atk%,バカンスビキニ2019 セイラ,atk%,Magica1984 蒼,atk%,Magica2019 Evo 蒼,atk%,Magica2019 蒼,atk%
52511.5125,クッキングエプロン 依子,atk%,ホリデーカジュアル エリザ,atk%,Magica2019 エリザ,atk%,ラウンジウェア 依子,atk%,聖チャールズスポーツユニ 依子,atk%
52872.75,Magica1984 ここあ,atk%,フラッフィーラビット 花織,atk%,モテカワ美少女戦士 エリザ,atk%,Magica2019 ここあ,atk%,有羽スポーツユニ ここあ,atk%
53063.64000000001,クッキングエプロン りり,atk%,Magica1984 りり,atk%,Magica2019 りり,atk%,Magica2019 Evo りり,atk%,バカンスビキニ2019 蒼,atk%
54423.75,聖チャールズスポーツユニ はなび,atk%,熱血応援☆チアガール はなび,atk%,ラウンジウェア はなび,atk%,Magica2061 はなび,atk%,Magica2019 Evo はなび,atk%
54610.734787587295,Magica2061 エリザ,atk%,艶女医白衣 エリザ,atk%,ラウンジウェア エリザ,atk%,ホリデーカジュアル エリザ,atk%,Magica2019 エリザ,atk%
55953.113101792915,Magica2061 依子,spd,ラウンジウェア 依子,spd,とらのあなエプロン 依子,spd,Magica2019 依子,spd,聖チャールズスポーツユニ 依子,spd
56184.7473,ホリデーカジュアル エリザ,atk%,クッキングエプロン エリザ,atk%,艶女医白衣 エリザ,atk%,ラウンジウェア エリザ,atk%,Magica2019 エリザ,atk%
57339.855,クッキングエプロン 陽彩,atk%,Magica2061 はなび,atk%,Magica2019 Evo はなび,atk%,Magica1984 陽彩,atk%,Magica2019 陽彩,atk%
57398.68922639377,Magica2019 依子,atk%,ホリデーカジュアル エリザ,atk%,Magica2019 エリザ,atk%,ラウンジウェア 依子,atk%,聖チャールズスポーツユニ 依子,atk%
59349.73539242355,Magica1984 蒼,atk%,バカンスビキニ2019 セイラ,atk%,Magica2019 Evo 蒼,atk%,武良穂スポーツユニ 蒼,atk%,Magica2019 蒼,atk%
60032.700000000004,灼熱野球ユニ ここあ,atk%,Magica2019 Evo 蒼,atk%,武良穂スポーツユニ 蒼,atk%,バカンスビキニ2019 セイラ,atk%,Magica2019 蒼,atk%
60324.1256216655,バカンスビキニ2019 セイラ,atk%,デモンズスタイルアラクネ セイラ,atk%,Magica2019 Evo 蒼,atk%,武良穂スポーツユニ 蒼,atk%,Magica2019 蒼,atk%
60449.2745732964,Magica2019 Evo エリザ,atk%,艶女医白衣 エリザ,atk%,ラウンジウェア エリザ,atk%,ホリデーカジュアル エリザ,atk%,Magica2019 エリザ,atk%
60767.650327355004,灼熱野球ユニ 蒼,atk,Magica2019 Evo 蒼,atk%,武良穂スポーツユニ 蒼,atk%,バカンスビキニ2019 蒼,atk%,Magica2019 蒼,atk%
61575.32001966551,聖チャールズスポーツユニ りり,atk,Magica2019 りり,atk%,Magica2019 Evo りり,atk%,バカンスビキニ2019 蒼,atk%,クッキングエプロン りり,atk%
62217.682499999995,Magica2019 Evo 蒼,atk%,バカンスビキニ2019 セイラ,atk%,Magica1984 蒼,atk%,武良穂スポーツユニ 蒼,atk%,Magica2019 蒼,atk%
63128.39097147,エモい出ビキニ マリアンヌ,atk%,デモンズスタイルアラクネ 蒼,atk%,クッキングエプロン 陽彩,atk%,Magica2061 はなび,atk%,Magica2019 Evo はなび,atk%
68301.075,モテカワ美少女戦士 マリアンヌ,atk%,ラウンジウェア エリザ,atk%,聖チャールズスポーツユニ 依子,atk%,ホリデーカジュアル エリザ,atk%,Magica2019 エリザ,atk%
71889.29608449599,Magica1984 はなび,atk%,熱血応援☆チアガール はなび,atk%,ラウンジウェア はなび,atk%,Magica2061 はなび,atk%,Magica2019 Evo はなび,atk%
82725.66192053031,Magica2019 蒼,atk%,バカンスビキニ2019 セイラ,atk%,Magica1984 蒼,atk%,Magica2019 Evo 蒼,atk%,武良穂スポーツユニ 蒼,atk%
